{
  "condition": "minecraft:alternative",
  "terms": [
    {
      "condition": "minecraft:entity_properties",
      "entity": "this",
      "predicate": {
        "location": {
          "biome": "minecraft:deep_cold_ocean"
        }
      }
    },
    {
      "condition": "minecraft:entity_properties",
      "entity": "this",
      "predicate": {
        "location": {
          "biome": "minecraft:deep_frozen_ocean"
        }
      }
    },
	{
      "condition": "minecraft:entity_properties",
      "entity": "this",
      "predicate": {
        "location": {
          "biome": "minecraft:deep_lukewarm_ocean"
        }
      }
    },
	{
      "condition": "minecraft:entity_properties",
      "entity": "this",
      "predicate": {
        "location": {
          "biome": "minecraft:deep_ocean"
        }
      }
    },
	{
      "condition": "minecraft:entity_properties",
      "entity": "this",
      "predicate": {
        "location": {
          "biome": "minecraft:deep_warm_ocean"
        }
      }
    }
  ]
}