{
	"type": "entity",
	"pools": [{
		"rolls": 2,
		"bonus_rolls": 1,
		"entries": [{
			"type": "item",
			"weight": 15,
			"quality": 1,
			"name": "minecraft:rotten_flesh",
			"functions": [{
				"function": "set_count",
				"count": {
					"min": 0,
					"max": 1
				}
			}]
		}, {
			"type": "item",
			"weight": 10,
			"quality": 1,
			"name": "minecraft:cobblestone",
			"functions": [{
				"function": "set_count",
				"count": {
					"min": 0,
					"max": 1
				}
			}]
		}]
	}]
}