{
    "parent": "minecraft:husbandry/root",
	"display": {
        "title": {
            "text": "Moozoom"
        },
        "description": {
            "text": "Feed a Moobloom wheat to start growing dandelions"
        },
        "icon": {
            "item": "minecraft:dandelion"
        },
        "frame": "task",
        "show_toast": true,
        "announce_to_chat": true,
        "hidden": false
    },
    "criteria": {
        "c1": {
            "trigger": "minecraft:impossible"
        }
    },
    "rewards": {
        "experience": 5
    }
}